Dis_chrom,Dis_chr_pos,Dis_gene_name,Dis_ref,Dis_ref_count,Dis_alt,Dis_alt_count,Did_chrom,Did_chr_pos,Did_gene_name,Did_ref,Did_ref_count,Did_alt,Did_alt_count,gene_direction,ref_genome,Did_gene_direction,Dis_gene_direction
HIC_ASM_0,1802796,Dis.HIC_ASM_0.135,A,13,T,95,HIC_ASM_8,2922693,Did.HIC_ASM_8.222.4,T,50,-,0,,Dis,+,+
HIC_ASM_0,1997569,Dis.HIC_ASM_0.144,C,105,A,3,HIC_ASM_8,3276687,Did.HIC_ASM_8.250,C,50,-,0,,Dis,-,-
HIC_ASM_0,1997882,Dis.HIC_ASM_0.144,T,107,C,1,HIC_ASM_8,3277002,Did.HIC_ASM_8.250,T,50,-,0,,Dis,-,-
HIC_ASM_0,8433466,Dis.HIC_ASM_0.707,A,107,T,1,HIC_ASM_8,14663062,Did.HIC_ASM_8.932,A,50,-,0,,Dis,+,+
HIC_ASM_0,10150592,Dis.HIC_ASM_0.854,T,96,A,12,HIC_ASM_8,22742892,Did.HIC_ASM_8.1337,G,50,-,0,,Dis,+,+
HIC_ASM_0,40448327,Dis.HIC_ASM_0.2633,T,107,A,1,HIC_ASM_1,44523054,Did.HIC_ASM_1.1732.2,T,50,-,0,,Dis,-,-
HIC_ASM_0,80673580,Dis.HIC_ASM_0.4423,G,99,C,9,HIC_ASM_1,103721945,Did.HIC_ASM_1.3465,G,50,-,0,,Dis,+,+
HIC_ASM_0,82916390,Dis.HIC_ASM_0.4625,A,107,T,1,HIC_ASM_1,107970622,Did.HIC_ASM_1.3700,A,50,-,0,,Dis,-,-
HIC_ASM_0,83682850,Dis.HIC_ASM_0.4691,T,107,C,1,HIC_ASM_1,109262991,Did.HIC_ASM_1.3783,C,50,-,0,,Dis,+,+
HIC_ASM_0,85302780,Dis.HIC_ASM_0.4802,G,107,A,1,HIC_ASM_1,111495462,Did.HIC_ASM_1.3938,G,50,-,0,,Dis,+,+
HIC_ASM_0,91849262,Dis.HIC_ASM_0.5374,C,104,T,4,HIC_ASM_1,119677149,Did.HIC_ASM_1.4560,C,50,-,0,,Dis,-,-
HIC_ASM_0,93884743,Dis.HIC_ASM_0.5612,C,101,A,7,HIC_ASM_1,121861330,Did.HIC_ASM_1.4775,C,50,-,0,,Dis,+,+
HIC_ASM_1,3408801,Dis.HIC_ASM_1.403,A,93,G,15,HIC_ASM_0,78733716,Did.HIC_ASM_0.4305,A,50,-,0,,Dis,+,+
HIC_ASM_1,13993399,Dis.HIC_ASM_1.1377,A,103,C,5,HIC_ASM_4,73219618,Did.HIC_ASM_4.3376,T,50,-,0,,Dis,-,+
HIC_ASM_1,16045724,Dis.HIC_ASM_1.1526,C,105,T,3,HIC_ASM_4,28891162,Did.HIC_ASM_4.2073.3,C,50,-,0,,Dis,-,-
HIC_ASM_1,19970410,Dis.HIC_ASM_1.1833,T,107,A,1,HIC_ASM_4,22319017,Did.HIC_ASM_4.1698.2,A,50,-,0,,Dis,+,-
HIC_ASM_1,59851195,Dis.HIC_ASM_1.3156,G,107,A,1,HIC_ASM_2,63514898,Did.HIC_ASM_2.2412,G,50,-,0,,Dis,+,+
HIC_ASM_1,61853651,Dis.HIC_ASM_1.3313,A,104,G,4,HIC_ASM_2,8167041,Did.HIC_ASM_2.503,G,50,-,0,,Dis,-,-
HIC_ASM_1,62298922,Dis.HIC_ASM_1.3345,C,107,T,1,HIC_ASM_2,8965501,Did.HIC_ASM_2.559,C,50,-,0,,Dis,-,-
HIC_ASM_1,66622118,Dis.HIC_ASM_1.3731,T,97,C,11,HIC_ASM_2,20651441,Did.HIC_ASM_2.1165,C,50,-,0,,Dis,+,+
HIC_ASM_1,68493877,Dis.HIC_ASM_1.3874,G,79,A,29,HIC_ASM_8,53339239,Did.HIC_ASM_8.3071,G,50,-,0,,Dis,-,-
HIC_ASM_1,74272672,Dis.HIC_ASM_1.4341,G,106,A,2,HIC_ASM_4,10627619,Did.HIC_ASM_4.928,C,50,-,0,,Dis,-,+
HIC_ASM_1,78844664,Dis.HIC_ASM_1.4713,A,106,G,2,HIC_ASM_4,18763246,Did.HIC_ASM_4.1493,T,50,-,0,,Dis,-,+
HIC_ASM_1,80286897,Dis.HIC_ASM_1.4882,T,107,C,1,HIC_ASM_4,16571900,Did.HIC_ASM_4.1308,A,50,-,0,,Dis,-,+
HIC_ASM_2,8752709,Dis.HIC_ASM_2.814,G,107,T,1,HIC_ASM_2,105305112,Did.HIC_ASM_2.3997,C,50,-,0,,Dis,-,+
HIC_ASM_2,8828118,Dis.HIC_ASM_2.818,A,105,G,3,HIC_ASM_2,105097064,Did.HIC_ASM_2.3986,T,50,-,0,,Dis,+,-
HIC_ASM_2,11022750,Dis.HIC_ASM_2.1013,C,105,T,3,HIC_ASM_5,69921197,Did.HIC_ASM_5.4101,G,50,-,0,,Dis,-,+
HIC_ASM_2,61233775,Dis.HIC_ASM_2.3021,C,104,T,4,HIC_ASM_8,61945371,Did.HIC_ASM_8.3559,C,50,-,0,,Dis,-,-
HIC_ASM_2,65765452,Dis.HIC_ASM_2.3323,T,106,C,2,HIC_ASM_8,65317460,Did.HIC_ASM_8.3771,T,50,-,0,,Dis,-,-
HIC_ASM_2,69459878,Dis.HIC_ASM_2.3653,T,107,C,1,HIC_ASM_8,68521397,Did.HIC_ASM_8.4048,T,50,-,0,,Dis,+,+
HIC_ASM_2,69865656,Dis.HIC_ASM_2.3686,T,107,C,1,HIC_ASM_8,68830042,Did.HIC_ASM_8.4073,T,50,-,0,,Dis,+,+
HIC_ASM_2,74094741,Dis.HIC_ASM_2.4052,T,91,C,17,HIC_ASM_8,72568366,Did.HIC_ASM_8.4410,T,50,-,0,,Dis,+,+
HIC_ASM_3,116061,Dis.HIC_ASM_3.16,C,92,T,16,HIC_ASM_3,110211738,Did.HIC_ASM_3.5208,G,50,-,0,,Dis,+,-
HIC_ASM_3,1116553,Dis.HIC_ASM_3.106,G,106,C,2,HIC_ASM_3,107939831,Did.HIC_ASM_3.5061,C,50,-,0,,Dis,+,-
HIC_ASM_3,14505326,Dis.HIC_ASM_3.1171,T,4,A,104,HIC_ASM_3,83617800,Did.HIC_ASM_3.3705,T,50,-,0,,Dis,-,-
HIC_ASM_3,17943308,Dis.HIC_ASM_3.1382.1,T,106,A,2,HIC_ASM_3,28283247,Did.HIC_ASM_3.1752.2,T,50,-,0,,Dis,-,-
HIC_ASM_3,20073913,Dis.HIC_ASM_3.1527,C,106,T,2,HIC_ASM_3,31311060,Did.HIC_ASM_3.1926,C,50,-,0,,Dis,-,-
HIC_ASM_3,23834928,Dis.HIC_ASM_3.1793,A,107,G,1,HIC_ASM_3,38329872,Did.HIC_ASM_3.2278,A,50,-,0,,Dis,-,-
HIC_ASM_3,25211113,Dis.HIC_ASM_3.1866,T,106,C,2,HIC_ASM_3,39879139,Did.HIC_ASM_3.2334,T,50,-,0,,Dis,-,-
HIC_ASM_3,26052560,Dis.HIC_ASM_3.1915.1,A,106,G,2,HIC_ASM_3,40982903,Did.HIC_ASM_3.2381,T,50,-,0,,Dis,-,+
HIC_ASM_3,46871376,Dis.HIC_ASM_3.2812,T,105,G,3,HIC_ASM_3,76772711,Did.HIC_ASM_3.3440,A,50,-,0,,Dis,+,-
HIC_ASM_3,56326032,Dis.HIC_ASM_3.3510,C,107,T,1,HIC_ASM_3,17371422,Did.HIC_ASM_3.1118,G,50,-,0,,Dis,-,+
HIC_ASM_3,66581102,Dis.HIC_ASM_3.4172,A,106,G,2,HIC_ASM_3,2019897,Did.HIC_ASM_3.170,A,50,-,0,,Dis,+,+
HIC_ASM_4,607792,Dis.HIC_ASM_4.85,A,107,G,1,HIC_ASM_1,1390020,Did.HIC_ASM_1.118,A,50,-,0,,Dis,-,-
HIC_ASM_4,1436611,Dis.HIC_ASM_4.151,C,107,A,1,HIC_ASM_1,3747488,Did.HIC_ASM_1.239,C,50,-,0,,Dis,-,-
HIC_ASM_4,1570939,Dis.HIC_ASM_4.167,A,107,C,1,HIC_ASM_1,3924013,Did.HIC_ASM_1.259,A,50,-,0,,Dis,+,+
HIC_ASM_4,2778215,Dis.HIC_ASM_4.318,A,105,G,3,HIC_ASM_1,6980295,Did.HIC_ASM_1.463,A,50,-,0,,Dis,+,+
HIC_ASM_4,4267057,Dis.HIC_ASM_4.491,A,24,C,84,HIC_ASM_1,9498432,Did.HIC_ASM_1.658,A,50,-,0,,Dis,+,+
HIC_ASM_4,5057424,Dis.HIC_ASM_4.571,C,104,A,4,HIC_ASM_1,12225995,Did.HIC_ASM_1.803,C,50,-,0,,Dis,-,-
HIC_ASM_4,12671241,Dis.HIC_ASM_4.1281,T,107,C,1,HIC_ASM_5,53226640,Did.HIC_ASM_5.3421,T,50,-,0,,Dis,-,-
HIC_ASM_4,17335940,Dis.HIC_ASM_4.1634,A,107,G,1,HIC_ASM_2,102007231,Did.HIC_ASM_2.3755,T,50,-,0,,Dis,+,-
HIC_ASM_4,20095766,Dis.HIC_ASM_4.1830,C,104,A,4,HIC_ASM_2,98147161,Did.HIC_ASM_2.3516,G,50,-,0,,Dis,+,-
HIC_ASM_4,24740969,Dis.HIC_ASM_4.2122.1,A,93,T,15,HIC_ASM_2,91575814,Did.HIC_ASM_2.3215,T,50,-,0,,Dis,-,+
HIC_ASM_4,24867250,Dis.HIC_ASM_4.2130,G,105,A,3,HIC_ASM_2,91482479,Did.HIC_ASM_2.3208,C,50,-,0,,Dis,+,-
HIC_ASM_4,57151048,Dis.HIC_ASM_4.3646.2,G,107,A,1,HIC_ASM_2,4676030,Did.HIC_ASM_2.258,G,50,-,0,,Dis,-,+
HIC_ASM_5,2275932,Dis.HIC_ASM_5.151,C,79,T,29,HIC_ASM_6,80130997,Did.HIC_ASM_6.4000,G,50,-,0,,Dis,+,-
HIC_ASM_5,2281653,Dis.HIC_ASM_5.151,G,107,A,1,HIC_ASM_6,80126152,Did.HIC_ASM_6.4000,C,50,-,0,,Dis,+,-
HIC_ASM_5,7499614,Dis.HIC_ASM_5.495,A,107,C,1,HIC_ASM_6,73665516,Did.HIC_ASM_6.3614,T,50,-,0,,Dis,+,-
HIC_ASM_5,17514161,Dis.HIC_ASM_5.1259,T,105,G,3,HIC_ASM_6,57040057,Did.HIC_ASM_6.2707,A,50,-,0,,Dis,+,-
HIC_ASM_5,18668590,Dis.HIC_ASM_5.1330,T,79,C,29,HIC_ASM_6,53800235,Did.HIC_ASM_6.2612,T,50,-,0,,Dis,+,+
HIC_ASM_5,19838606,Dis.HIC_ASM_5.1386,C,100,T,8,HIC_ASM_6,53237774,Did.HIC_ASM_6.2590,G,50,-,0,,Dis,+,-
HIC_ASM_5,52453535,Dis.HIC_ASM_5.2602,C,107,G,1,HIC_ASM_6,23661061,Did.HIC_ASM_6.1616,G,50,-,0,,Dis,-,+
HIC_ASM_5,57965161,Dis.HIC_ASM_5.2986_Dis.HIC_ASM_5.2987,T,107,C,1,HIC_ASM_6,16711370,Did.HIC_ASM_6.1236.2,A,50,-,0,,Dis,+,-
HIC_ASM_5,58664631,Dis.HIC_ASM_5.3034,C,100,T,8,HIC_ASM_6,16245903,Did.HIC_ASM_6.1204,G,50,-,0,,Dis,+,-
HIC_ASM_5,61698377,Dis.HIC_ASM_5.3265,C,107,T,1,HIC_ASM_6,11805358,Did.HIC_ASM_6.924,G,50,-,0,,Dis,-,+
HIC_ASM_5,63145350,Dis.HIC_ASM_5.3384.1,G,105,T,3,HIC_ASM_6,10080818,Did.HIC_ASM_6.834,C,50,-,0,,Dis,-,+
HIC_ASM_5,63244112,Dis.HIC_ASM_5.3392,T,106,C,2,HIC_ASM_6,10005968,Did.HIC_ASM_6.827,A,50,-,0,,Dis,-,+
HIC_ASM_5,64162893,Dis.HIC_ASM_5.3459,G,107,C,1,HIC_ASM_6,8885899,Did.HIC_ASM_6.758,C,50,-,0,,Dis,-,+
HIC_ASM_5,64327121,Dis.HIC_ASM_5.3473,G,107,A,1,HIC_ASM_6,8672206,Did.HIC_ASM_6.744,C,50,-,0,,Dis,-,+
HIC_ASM_5,64855657,Dis.HIC_ASM_5.3515.3,A,107,G,1,HIC_ASM_6,8044920,Did.HIC_ASM_6.690.1,T,50,-,0,,Dis,+,-
HIC_ASM_5,68312266,Dis.HIC_ASM_5.3816,G,102,T,6,HIC_ASM_6,3985081,Did.HIC_ASM_6.366,C,50,-,0,,Dis,-,+
HIC_ASM_5,68818218,Dis.HIC_ASM_5.3848,A,72,C,36,HIC_ASM_6,3429647,Did.HIC_ASM_6.339,T,50,-,0,,Dis,+,-
HIC_ASM_5,71438101,Dis.HIC_ASM_5.4122,T,107,G,1,HIC_ASM_6,520365,Did.HIC_ASM_6.43,A,50,-,0,,Dis,+,-
HIC_ASM_6,4364228,Dis.HIC_ASM_6.287,T,76,A,32,HIC_ASM_7,5423615,Did.HIC_ASM_7.417,T,50,-,0,,Dis,-,-
HIC_ASM_6,6852152,Dis.HIC_ASM_6.455,A,107,G,1,HIC_ASM_7,10280736,Did.HIC_ASM_7.706,A,50,-,0,,Dis,-,-
HIC_ASM_6,9523315,Dis.HIC_ASM_6.663.1,T,104,C,4,HIC_ASM_7,17419667,Did.HIC_ASM_7.1105.1,A,50,-,0,,Dis,-,+
HIC_ASM_6,11990202,Dis.HIC_ASM_6.831,A,1,G,107,HIC_ASM_7,20140842,Did.HIC_ASM_7.1264,G,50,-,0,,Dis,+,+
HIC_ASM_6,37015148,Dis.HIC_ASM_6.2383,G,107,A,1,HIC_ASM_7,55329873,Did.HIC_ASM_7.2803,G,50,-,0,,Dis,+,+
HIC_ASM_6,43032737,Dis.HIC_ASM_6.2773,G,101,A,7,HIC_ASM_7,60070538,Did.HIC_ASM_7.3090,G,50,-,0,,Dis,+,+
HIC_ASM_7,972573,Dis.HIC_ASM_7.105,T,107,A,1,HIC_ASM_0,97470612,Did.HIC_ASM_0.5976,A,50,-,0,,Dis,-,+
HIC_ASM_7,3349430,Dis.HIC_ASM_7.353,G,106,A,2,HIC_ASM_0,96202895,Did.HIC_ASM_0.5837,C,50,-,0,,Dis,+,-
HIC_ASM_7,3443571,Dis.HIC_ASM_7.369,T,107,G,1,HIC_ASM_0,96006690,Did.HIC_ASM_0.5818,C,50,-,0,,Dis,+,-
HIC_ASM_7,5834665,Dis.HIC_ASM_7.568,G,101,T,7,HIC_ASM_0,93983087,Did.HIC_ASM_0.5630,C,50,-,0,,Dis,-,+
HIC_ASM_7,10457771,Dis.HIC_ASM_7.950,A,104,G,4,HIC_ASM_0,90894440,Did.HIC_ASM_0.5308,T,50,-,0,,Dis,-,+
HIC_ASM_7,14826848,Dis.HIC_ASM_7.1259,A,103,G,5,HIC_ASM_4,78299479,Did.HIC_ASM_4.3575,A,50,-,0,,Dis,+,+
HIC_ASM_7,34418975,Dis.HIC_ASM_7.2029,G,105,T,3,HIC_ASM_4,37078516,Did.HIC_ASM_4.2431,C,50,-,0,,Dis,-,+
HIC_ASM_7,40844249,Dis.HIC_ASM_7.2450,T,104,A,4,HIC_ASM_4,84643649,Did.HIC_ASM_4.3872.1,T,50,-,0,,Dis,+,+
HIC_ASM_7,43770889,Dis.HIC_ASM_7.2757,T,107,C,1,HIC_ASM_4,90832690,Did.HIC_ASM_4.4275,T,50,-,0,,Dis,+,+
HIC_ASM_7,44335377,Dis.HIC_ASM_7.2803,C,107,T,1,HIC_ASM_4,91407134,Did.HIC_ASM_4.4322,C,50,-,0,,Dis,-,-
HIC_ASM_7,50250128,Dis.HIC_ASM_7.3373,C,106,T,2,HIC_ASM_4,101975326,Did.HIC_ASM_4.5113,C,50,-,0,,Dis,-,-
HIC_ASM_7,53581402,Dis.HIC_ASM_7.3631,G,101,A,7,HIC_ASM_4,107364074,Did.HIC_ASM_4.5487_Did.HIC_ASM_4.5488,G,50,-,0,,Dis,+,+
HIC_ASM_8,1450295,Dis.HIC_ASM_8.153,T,107,C,1,HIC_ASM_5,1866838,Did.HIC_ASM_5.161,T,50,-,0,,Dis,-,-
HIC_ASM_8,3191048,Dis.HIC_ASM_8.339,T,37,G,71,HIC_ASM_5,3912856,Did.HIC_ASM_5.376,T,50,-,0,,Dis,-,-
HIC_ASM_8,6073271,Dis.HIC_ASM_8.629,A,105,T,3,HIC_ASM_5,7227787,Did.HIC_ASM_5.686,A,50,-,0,,Dis,+,+
HIC_ASM_8,6074928,Dis.HIC_ASM_8.629,C,106,T,2,HIC_ASM_5,7229409,Did.HIC_ASM_5.686,C,50,-,0,,Dis,+,+
HIC_ASM_8,11666000,Dis.HIC_ASM_8.1088,A,106,G,2,HIC_ASM_5,14411806,Did.HIC_ASM_5.1211,A,50,-,0,,Dis,-,-
HIC_ASM_8,12870439,Dis.HIC_ASM_8.1192,C,107,T,1,HIC_ASM_5,15930341,Did.HIC_ASM_5.1319,C,50,-,0,,Dis,-,-
HIC_ASM_8,16365889,Dis.HIC_ASM_8.1498,A,107,G,1,HIC_ASM_5,20355480,Did.HIC_ASM_5.1641,A,50,-,0,,Dis,-,-
HIC_ASM_9,14147413,Dis.HIC_ASM_9.700,T,102,C,6,HIC_ASM_0,7743708,Did.HIC_ASM_0.449,T,50,-,0,,Dis,-,-
HIC_ASM_9,14594268,Dis.HIC_ASM_9.734,T,107,G,1,HIC_ASM_0,8304190,Did.HIC_ASM_0.499,T,50,-,0,,Dis,-,-
HIC_ASM_9,20155855,Dis.HIC_ASM_9.1099,C,107,T,1,HIC_ASM_0,55581592,Did.HIC_ASM_0.2797,G,50,-,0,,Dis,+,-
HIC_ASM_9,33990069,Dis.HIC_ASM_9.2086,C,106,T,2,HIC_ASM_0,22540516,Did.HIC_ASM_0.1325,G,50,-,0,,Dis,-,+
HIC_ASM_9,35133752,Dis.HIC_ASM_9.2211,A,107,T,1,HIC_ASM_0,20185677,Did.HIC_ASM_0.1161,T,50,-,0,,Dis,-,+
HIC_ASM_9,36216892,Dis.HIC_ASM_9.2312,T,107,C,1,HIC_ASM_0,18320233,Did.HIC_ASM_0.1026,A,50,-,0,,Dis,-,+
HIC_ASM_9,37656726,Dis.HIC_ASM_9.2447,A,101,G,7,HIC_ASM_0,13571995,Did.HIC_ASM_0.779,T,50,-,0,,Dis,-,+
HIC_ASM_9,38251935,Dis.HIC_ASM_9.2491,A,106,G,2,HIC_ASM_0,12455076,Did.HIC_ASM_0.715,T,50,-,0,,Dis,-,+
HIC_ASM_9,38603507,Dis.HIC_ASM_9.2533,T,102,A,6,HIC_ASM_0,11583645,Did.HIC_ASM_0.662,A,50,-,0,,Dis,-,+
HIC_ASM_9,40002723,Dis.HIC_ASM_9.2677,G,106,A,2,HIC_ASM_4,7349142,Did.HIC_ASM_4.698,C,50,-,0,,Dis,+,-
HIC_ASM_9,42107453,Dis.HIC_ASM_9.2888,T,107,C,1,HIC_ASM_4,3872050,Did.HIC_ASM_4.409,A,50,-,0,,Dis,-,+
